{
  "Logistic Regression": {
    "precision_fraud": 0.056753120795920285,
    "recall_fraud": 0.8456876456876457,
    "f1_fraud": 0.10636800750557054,
    "accuracy": 0.9451521362415177,
    "roc_auc": 0.961534109231436,
    "pr_auc": 0.17379713452797066,
    "confusion_matrix": [
      [
        523425,
        30149
      ],
      [
        331,
        1814
      ]
    ]
  },
  "Decision Tree": {
    "precision_fraud": 0.10934856175972928,
    "recall_fraud": 0.9641025641025641,
    "f1_fraud": 0.19641924300707603,
    "accuracy": 0.9695511580493019,
    "roc_auc": 0.9817635665970308,
    "pr_auc": 0.6051937321815173,
    "confusion_matrix": [
      [
        536730,
        16844
      ],
      [
        77,
        2068
      ]
    ]
  },
  "Random Forest": {
    "precision_fraud": 0.35686204431736956,
    "recall_fraud": 0.931002331002331,
    "f1_fraud": 0.5159540111096758,
    "accuracy": 0.993257383677722,
    "roc_auc": 0.9958707200759754,
    "pr_auc": 0.8577386880014135,
    "confusion_matrix": [
      [
        549975,
        3599
      ],
      [
        148,
        1997
      ]
    ]
  }
}