{
  "logistic_regression": {
    "accuracy": 0.714,
    "precision": 0.3877551020408163,
    "recall": 0.7002457002457002,
    "f1_score": 0.4991243432574431,
    "roc_auc": 0.7771824212502177
  },
  "random_forest": {
    "accuracy": 0.8105,
    "precision": 0.524390243902439,
    "recall": 0.7395577395577395,
    "f1_score": 0.6136595310907238,
    "roc_auc": 0.8661419508877136
  },
  "gradient_boosting": {
    "accuracy": 0.8015,
    "precision": 0.5082781456953642,
    "recall": 0.7542997542997543,
    "f1_score": 0.6073194856577646,
    "roc_auc": 0.8665661038542395
  }
}